<?xml version="1.0" encoding="UTF-8"?>
<project-private xmlns="http://www.netbeans.org/ns/project-private/1">
    <editor-bookmarks xmlns="http://www.netbeans.org/ns/editor-bookmarks/2" lastBookmarkId="0"/>
    <open-files xmlns="http://www.netbeans.org/ns/projectui-open-files/2">
        <group>
            <file>file:/C:/Users/LENOVO/OneDrive/Máy%20tính/FA21-BL5/PRO192_PE_FA21_B5_137170/PaperNo_5/3/src/Crane.java</file>
            <file>file:/C:/Users/LENOVO/OneDrive/Máy%20tính/FA21-BL5/PRO192_PE_FA21_B5_137170/PaperNo_5/3/src/MyCrane.java</file>
        </group>
    </open-files>
</project-private>
